Workbook

Sheet Лист1
A1: ФИО | B1: Блок | C1: Принадлежность | D1: Структурное подразделение | E1: Должность | F1: ФИО | G1: ИНН | H1: Количество штатных единиц
A2: Титов Владимир Павлович | B2: Администрация | C2: Администрация | D2: Администрация | E2: Генеральный директор | F2: Титов Владимир Павлович | G2: =+VLOOKUP(F2,[1]Лист_1!$A:$C,2,0) -> 860502580073 | H2: 1
A3: Майорова Мария Сергеевна | B3: Администрация | C3: Администрация | D3: Администрация | E3: Первый заместитель генерального директора | F3: Майорова Мария Сергеевна | G3: =+VLOOKUP(F3,[1]Лист_1!$A:$C,2,0) -> 213002549315 | H3: 1
A4: Полищученко Владислав Анатольевич | B4: Администрация | C4: Администрация | D4: Администрация | E4: Заместитель генерального директора | F4: Полищученко Владислав Анатольевич | G4: =+VLOOKUP(F4,[1]Лист_1!$A:$C,2,0) -> 575306392458 | H4: 1
A5: Кустов Николай Сергеевич | B5: Администрация | C5: Администрация | D5: Администрация | E5: Заместитель генерального директора | F5: Кустов Николай Сергеевич | G5: =+VLOOKUP(F5,[1]Лист_1!$A:$C,2,0) -> 231518985850 | H5: 1
A6: Лазуткин Юрий Викторович | B6: Администрация | C6: Администрация | D6: Администрация | E6: Заместитель генерального директора | F6: Лазуткин Юрий Викторович | G6: =+VLOOKUP(F6,[1]Лист_1!$A:$C,2,0) -> 672205972178 | H6: 1
A7: Григорян Артем Вазгенович | B7: Администрация | C7: Администрация | D7: Администрация | E7: Заместитель генерального директора-руководитель контрактной службы | F7: Григорян Артем Вазгенович | G7: =+VLOOKUP(F7,[1]Лист_1!$A:$C,2,0) -> 770507962337 | H7: 1
A8: Курский Андрей Юрьевич | B8: Администрация | C8: Администрация | D8: Администрация | E8: Финансовый директор | F8: Курский Андрей Юрьевич | G8: =+VLOOKUP(F8,[1]Лист_1!$A:$C,2,0) -> 771902605095 | H8: 1
A9: Измайлов Станислав Владимирович | B9: Администрация | C9: Администрация | D9: Администрация | E9: Технический директор | F9: Измайлов Станислав Владимирович | G9: =+VLOOKUP(F9,[1]Лист_1!$A:$C,2,0) -> 772835122694 | H9: 1
A10: Кукушкина Валерия Павловна | B10: Администрация | C10: Администрация | D10: Администрация | E10: Административный директор | F10: Кукушкина Валерия Павловна | G10: =+VLOOKUP(F10,[1]Лист_1!$A:$C,2,0) -> 504026087462 | H10: 1
A11: Мураткина Валерия Александровна | B11: Администрация | C11: Администрация | D11: Администрация | E11: Директор по управлению персоналом | F11: Мураткина Валерия Александровна | G11: =+VLOOKUP(F11,[1]Лист_1!$A:$C,2,0) -> 862201308007 | H11: 1
A12: Курганская Марина Владимировна | B12: Администрация | C12: Администрация | D12: Администрация | E12: Директор по коммуникациям | F12: Курганская Марина Владимировна | G12: =+VLOOKUP(F12,[1]Лист_1!$A:$C,2,0) -> 771596412912 | H12: 1
A13: ВАКАНСИЯ | B13: Администрация | C13: Администрация | D13: Администрация | E13: Советник руководителя | F13: ВАКАНСИЯ | H13: 1
A14: Мараева Ксения Александровна | B14: Администрация | C14: Прочие | D14: Администрация | E14: Советник руководителя | F14: Мараева Ксения Александровна | G14: =+VLOOKUP(F14,[1]Лист_1!$A:$C,2,0) -> 667479112755 | H14: 0.5
A15: ВАКАНСИЯ | B15: Администрация | C15: Администрация | D15: Администрация | E15: Советник руководителя | F15: ВАКАНСИЯ | H15: 0.5
A16: ВАКАНСИЯ | B16: Администрация | C16: Администрация | D16: Администрация | E16: Советник руководителя | F16: ВАКАНСИЯ | H16: 1
A17: Иванов Алексей Валерьевич | B17: Администрация | C17: Кустов | D17: Администрация | E17: Советник руководителя | F17: Иванов Алексей Валерьевич | G17: =+VLOOKUP(F17,[1]Лист_1!$A:$C,2,0) -> 920451393954 | H17: 1
H18: =SUM(H2:H17) -> 15
A19: Пономаренко Сергей Александрович | B19: Кустов | C19: Кустов | D19: Аналитический центр | E19: Начальник центра | F19: Пономаренко Сергей Александрович | G19: =+VLOOKUP(F19,[1]Лист_1!$A:$C,2,0) -> 344407771223 | H19: 1
A20: Шарапов Александр Михайлович | B20: Кустов | C20: Кустов | D20: Отдел анализа данных | E20: Начальник отдела | F20: Шарапов Александр Михайлович | G20: =+VLOOKUP(F20,[1]Лист_1!$A:$C,2,0) -> 645112271345 | H20: 1
A21: Нестеров Степан Владимирович | B21: Кустов | C21: Кустов | D21: Отдел анализа данных | E21: Заместитель начальника отдела | F21: ВАКАНСИЯ | H21: 1
A22: ВАКАНСИЯ | B22: Кустов | C22: Кустов | D22: Отдел анализа данных | E22: Главный аналитик | F22: ВАКАНСИЯ | H22: 1
A23: Терехова Любовь Андреевна | B23: Кустов | C23: Кустов | D23: Отдел анализа данных | E23: Ведущий аналитик | F23: Терехова Любовь Андреевна | G23: =+VLOOKUP(F23,[1]Лист_1!$A:$C,2,0) -> 431207363154 | H23: 1
A24: Бабенков Павел Алексеевич | B24: Кустов | C24: Кустов | D24: Отдел анализа данных | E24: Ведущий аналитик | F24: Бабенков Павел Алексеевич | G24: =+VLOOKUP(F24,[1]Лист_1!$A:$C,2,0) -> 164906291910 | H24: 1
A25: Иванов Максим Арсеньевич | B25: Кустов | C25: Кустов | D25: Отдел анализа данных | E25: Ведущий аналитик | F25: Иванов Максим Арсеньевич | G25: =+VLOOKUP(F25,[1]Лист_1!$A:$C,2,0) -> 772394417701 | H25: 1
A26: Гуленков Вадим Алексеевич | B26: Кустов | C26: Кустов | D26: Отдел макромоделирования | E26: Начальник отдела | F26: Гуленков Вадим Алексеевич | G26: =+VLOOKUP(F26,[1]Лист_1!$A:$C,2,0) -> 772019771460 | H26: 1
A27: Кураксин Антон Александрович | B27: Кустов | C27: Кустов | D27: Отдел макромоделирования | E27: Главный аналитик | F27: Кураксин Антон Александрович | G27: =+VLOOKUP(F27,[1]Лист_1!$A:$C,2,0) -> 621103311986 | H27: 1
A28: Галяткин Дмитрий Васильевич | B28: Кустов | C28: Кустов | D28: Отдел макромоделирования | E28: Ведущий аналитик | F28: Галяткин Дмитрий Васильевич | G28: =+VLOOKUP(F28,[1]Лист_1!$A:$C,2,0) -> 772033456710 | H28: 1
A29: Абашкина Марина Алексеевна | B29: Кустов | C29: Кустов | D29: Отдел макромоделирования | E29: Ведущий аналитик | F29: Абашкина Марина Алексеевна | G29: =+VLOOKUP(F29,[1]Лист_1!$A:$C,2,0) -> 772148180169 | H29: 1
A30: Рустанович Анна Павловна | B30: Кустов | C30: Кустов | D30: Отдел макромоделирования | E30: Ведущий аналитик | F30: Рустанович Анна Павловна | G30: =+VLOOKUP(F30,[1]Лист_1!$A:$C,2,0) -> 772831714107 | H30: 1
A31: Журбинский Роман Игоревич | B31: Кустов | C31: Кустов | D31: Группа исследований и автоматизации аналитики | E31: Начальник группы | F31: ВАКАНСИЯ | H31: 1
A32: Марковский Валентин Александрович | B32: Кустов | C32: Кустов | D32: Группа исследований и автоматизации аналитики | E32: Главный аналитик | F32: Марковский Валентин Александрович | G32: =+VLOOKUP(F32,[1]Лист_1!$A:$C,2,0) -> 231138949422 | H32: 1
A33: Назаров Михаил Сергеевич | B33: Кустов | C33: Кустов | D33: Группа исследований и автоматизации аналитики | E33: Главный аналитик | F33: Назаров Михаил Сергеевич | G33: =+VLOOKUP(F33,[1]Лист_1!$A:$C,2,0) -> 783904093170 | H33: 1
A34: Слученкова Галина Юрьевна | B34: Кустов | C34: Кустов | D34: Группа исследований и автоматизации аналитики | E34: Главный аналитик | F34: Слученкова Галина Юрьевна | G34: =+VLOOKUP(F34,[1]Лист_1!$A:$C,2,0) -> 772832247293 | H34: 1
A35: Больдясов Алексей Ильич | B35: Кустов | C35: Кустов | D35: Группа исследований и автоматизации аналитики | E35: Ведущий аналитик | F35: Больдясов Алексей Ильич | G35: =+VLOOKUP(F35,[1]Лист_1!$A:$C,2,0) -> 524926672003 | H35: 1
A36: Ивенский Георгий Андреевич | B36: Кустов | C36: Кустов | D36: Дирекция транспортных проектов | E36: Начальник дирекции | F36: Ивенский Георгий Андреевич | G36: =+VLOOKUP(F36,[1]Лист_1!$A:$C,2,0) -> 771617124474 | H36: 1
A37: Сергеев Дмитрий Владимирович | B37: Кустов | C37: Кустов | D37: Дирекция транспортных проектов | E37: Советник руководителя | F37: Сергеев Дмитрий Владимирович | G37: =+VLOOKUP(F37,[1]Лист_1!$A:$C,2,0) -> 710708777304 | H37: 1
A38: Свириденков Владимир Эдуардович | B38: Кустов | C38: Кустов | D38: Дирекция транспортных проектов | E38: Советник руководителя | F38: Свириденков Владимир Эдуардович | G38: =+VLOOKUP(F38,[1]Лист_1!$A:$C,2,0) -> 504602439283 | H38: 1
A39: Дронов Антон Павлович | B39: Кустов | C39: Кустов | D39: Центр развития транспортно-пересадочных узлов | E39: Начальник центра | F39: Дронов Антон Павлович | G39: =+VLOOKUP(F39,[1]Лист_1!$A:$C,2,0) -> 772023693736 | H39: 1
A40: Вдовина Ирина Алексеевна | B40: Кустов | C40: Кустов | D40: Отдел сопровождения транспортно-пересадочных узлов | E40: Начальник отдела | F40: Вдовина Ирина Алексеевна | G40: =+VLOOKUP(F40,[1]Лист_1!$A:$C,2,0) -> 502723791545 | H40: 1
A41: Егоров Алексей Николаевич | B41: Кустов | C41: Кустов | D41: Отдел сопровождения транспортно-пересадочных узлов | E41: Руководитель проекта | F41: Егоров Алексей Николаевич | G41: =+VLOOKUP(F41,[1]Лист_1!$A:$C,2,0) -> 504309234044 | H41: 1
A42: ВАКАНСИЯ | B42: Кустов | C42: Кустов | D42: Отдел сопровождения транспортно-пересадочных узлов | E42: Руководитель проекта | F42: ВАКАНСИЯ | H42: 1
A43: ВАКАНСИЯ | B43: Кустов | C43: Кустов | D43: Отдел сопровождения транспортно-пересадочных узлов | E43: Руководитель проекта | F43: ВАКАНСИЯ | H43: 1
A44: Тюрин Антон Геннадиевич | B44: Кустов | C44: Кустов | D44: Отдел сопровождения транспортно-пересадочных узлов | E44: Главный аналитик | F44: Тюрин Антон Геннадиевич | G44: =+VLOOKUP(F44,[1]Лист_1!$A:$C,2,0) -> 360903336431 | H44: 1
A45: ВАКАНСИЯ | B45: Кустов | C45: Кустов | D45: Центр развития рельсового каркаса | E45: Начальник центра | F45: ВАКАНСИЯ | H45: 1
A46: Ашпин Михаил Александрович | B46: Кустов | C46: Кустов | D46: Отдел информационного сопровождения мероприятий | E46: Начальник отдела | F46: Ашпин Михаил Александрович | G46: =+VLOOKUP(F46,[1]Лист_1!$A:$C,2,0) -> 183114854862 | H46: 1
A47: Тихонов Вадим Олегович | B47: Кустов | C47: Кустов | D47: Отдел информационного сопровождения мероприятий | E47: Заместитель начальника отдела | F47: Тихонов Вадим Олегович | G47: =+VLOOKUP(F47,[1]Лист_1!$A:$C,2,0) -> 504793591543 | H47: 1
A48: Филина Александра Дмитриевна | B48: Кустов | C48: Кустов | D48: Отдел информационного сопровождения мероприятий | E48: Руководитель проекта | F48: Филина Александра Дмитриевна | G48: =+VLOOKUP(F48,[1]Лист_1!$A:$C,2,0) -> 771775404330 | H48: 1
A49: ВАКАНСИЯ | B49: Кустов | C49: Кустов | D49: Отдел информационного сопровождения мероприятий | E49: Руководитель проекта | F49: ВАКАНСИЯ | H49: 1
A50: ВАКАНСИЯ | B50: Кустов | C50: Кустов | D50: Отдел информационного сопровождения мероприятий | E50: Руководитель проекта | F50: ВАКАНСИЯ | H50: 1
A51: Лобанов Дмитрий Михайлович | B51: Кустов | C51: Кустов | D51: Отдел информационного сопровождения мероприятий | E51: Главный аналитик | F51: Лобанов Дмитрий Михайлович | G51: =+VLOOKUP(F51,[1]Лист_1!$A:$C,2,0) -> 772512413449 | H51: 1
A52: Моисеев Александр Эдуардович | B52: Кустов | C52: Кустов | D52: Отдел информационного сопровождения мероприятий | E52: Главный аналитик | F52: Моисеев Александр Эдуардович | G52: =+VLOOKUP(F52,[1]Лист_1!$A:$C,2,0) -> 772175079640 | H52: 1
A53: Прунцев Глеб Олегович | B53: Кустов | C53: Кустов | D53: Отдел информационного сопровождения мероприятий | E53: Главный аналитик | F53: Прунцев Глеб Олегович | G53: =+VLOOKUP(F53,[1]Лист_1!$A:$C,2,0) -> 771684379051 | H53: 1
A54: ВАКАНСИЯ | B54: Кустов | C54: Кустов | D54: Отдел развития рельсового каркаса | E54: Начальник отдела | F54: ВАКАНСИЯ | H54: 1
A55: ВАКАНСИЯ | B55: Кустов | C55: Кустов | D55: Отдел развития рельсового каркаса | E55: Заместитель начальника отдела | F55: ВАКАНСИЯ | H55: 1
A56: Гегамян Нвард Акоповна | B56: Кустов | C56: Кустов | D56: Отдел развития рельсового каркаса | E56: Руководитель проекта | F56: Гегамян Нвард Акоповна | G56: =+VLOOKUP(F56,[1]Лист_1!$A:$C,2,0) -> 640203111445 | H56: 1
A57: Минаева Екатерина Константиновна | B57: Кустов | C57: Кустов | D57: Отдел развития рельсового каркаса | E57: Руководитель проекта | F57: Минаева Екатерина Константиновна | G57: =+VLOOKUP(F57,[1]Лист_1!$A:$C,2,0) -> 682707944526 | H57: 1
A58: Жлуктова Варвара Варя Сергеевна | B58: Кустов | C58: Кустов | D58: Отдел развития рельсового каркаса | E58: Главный аналитик | F58: Жлуктова Варвара Варя Сергеевна | G58: =+VLOOKUP(F58,[1]Лист_1!$A:$C,2,0) -> 772092924409 | H58: 1
A59: Годов Андрей Андреевич | B59: Кустов | C59: Кустов | D59: Отдел развития рельсового каркаса | E59: Главный аналитик | F59: Годов Андрей Андреевич | G59: =+VLOOKUP(F59,[1]Лист_1!$A:$C,2,0) -> 771375769488 | H59: 1
A60: Кременецкий Николай Константинович | B60: Кустов | C60: Кустов | D60: Отдел развития рельсового каркаса | E60: Главный аналитик | F60: Кременецкий Николай Константинович | G60: =+VLOOKUP(F60,[1]Лист_1!$A:$C,2,0) -> 772985606990 | H60: 1
A61: Хамхоева Наталья Казбековна | B61: Кустов | C61: Кустов | D61: Центр специальных транспортных проектов | E61: Начальник центра | F61: Хамхоева Наталья Казбековна | G61: =+VLOOKUP(F61,[1]Лист_1!$A:$C,2,0) -> 310260675793 | H61: 1
A62: ВАКАНСИЯ | B62: Кустов | C62: Кустов | D62: Отдел инфраструктурных проектов | E62: Начальник отдела | F62: ВАКАНСИЯ | H62: 1
A63: ВАКАНСИЯ | B63: Кустов | C63: Кустов | D63: Отдел инфраструктурных проектов | E63: Руководитель проекта | F63: ВАКАНСИЯ | H63: 1
A64: ВАКАНСИЯ | B64: Кустов | C64: Кустов | D64: Отдел инфраструктурных проектов | E64: Главный аналитик | F64: ВАКАНСИЯ | H64: 1
A65: Валамат-Заде Сабина Джамшедовна | B65: Кустов | C65: Кустов | D65: Отдел стратегических проектов | E65: Начальник отдела | F65: Валамат-Заде Сабина Джамшедовна | G65: =+VLOOKUP(F65,[1]Лист_1!$A:$C,2,0) -> 772584560033 | H65: 1
A66: Живчиков Дмитрий Сергеевич | B66: Кустов | C66: Кустов | D66: Отдел стратегических проектов | E66: Руководитель проекта | F66: Живчиков Дмитрий Сергеевич | G66: =+VLOOKUP(F66,[1]Лист_1!$A:$C,2,0) -> 213004790501 | H66: 1
A67: ВАКАНСИЯ | B67: Кустов | C67: Кустов | D67: Отдел стратегических проектов | E67: Руководитель проекта | F67: ВАКАНСИЯ | H67: 1
A68: Ивасенко Сергей Владимирович | B68: Кустов | C68: Кустов | D68: Центр разработки стратегий транспортного обслуживания | E68: Начальник центра | F68: Ивасенко Сергей Владимирович | G68: =+VLOOKUP(F68,[1]Лист_1!$A:$C,2,0) -> 231907106460 | H68: 1
A69: Майоров Алексей Сергеевич | B69: Кустов | C69: Кустов | D69: Отдел перспективных проектов | E69: Начальник отдела | F69: Майоров Алексей Сергеевич | G69: =+VLOOKUP(F69,[1]Лист_1!$A:$C,2,0) -> 771403327580 | H69: 1
A70: Коротаев Александр Сергеевич | B70: Кустов | C70: Кустов | D70: Отдел перспективных проектов | E70: Ведущий руководитель проектов | F70: Коротаев Александр Сергеевич | G70: =+VLOOKUP(F70,[1]Лист_1!$A:$C,2,0) -> 190220033435 | H70: 1
A71: Данилов Роман Игоревич | B71: Кустов | C71: Кустов | D71: Отдел перспективных проектов | E71: Руководитель проекта | F71: Данилов Роман Игоревич | G71: =+VLOOKUP(F71,[1]Лист_1!$A:$C,2,0) -> 166010900450 | H71: 1
A72: Козлов Павел Максимович | B72: Кустов | C72: Мураткина | D72: Отдел перспективных проектов | E72: Руководитель проекта | F72: Козлов Павел Максимович | G72: =+VLOOKUP(F72,[1]Лист_1!$A:$C,2,0) -> 773583109856 | H72: 1
A73: Пищулина Анна Сергеевна | B73: Кустов | C73: Кустов | D73: Отдел перспективных проектов | E73: Руководитель проекта | F73: Пищулина Анна Сергеевна | G73: =+VLOOKUP(F73,[1]Лист_1!$A:$C,2,0) -> 745113166233 | H73: 1
A74: Пасынский Алексей Александрович | B74: Кустов | C74: Кустов | D74: Управление планирования наземного городского пассажирского транспорта | E74: Начальник управления | F74: Пасынский Алексей Александрович | G74: =+VLOOKUP(F74,[1]Лист_1!$A:$C,2,0) -> 770302887079 | H74: 1
A75: Такташов Наиль Исмаилович | B75: Кустов | C75: Кустов | D75: Управление планирования наземного городского пассажирского транспорта | E75: Заместитель начальника управления | F75: Такташов Наиль Исмаилович | G75: =+VLOOKUP(F75,[1]Лист_1!$A:$C,2,0) -> 772788804111 | H75: 1
A76: Веременко Кирилл Александрович | B76: Кустов | C76: Кустов | D76: Управление планирования наземного городского пассажирского транспорта | E76: Руководитель проекта | F76: Веременко Кирилл Александрович | G76: =+VLOOKUP(F76,[1]Лист_1!$A:$C,2,0) -> 770770850755 | H76: 0.925
A77: ВАКАНСИЯ | B77: Кустов | C77: Кустов | D77: Управление планирования наземного городского пассажирского транспорта | E77: Руководитель проекта | F77: ВАКАНСИЯ | H77: 0.075
A78: Заяц Анна Ивановна | B78: Кустов | C78: Кустов | D78: Управление планирования наземного городского пассажирского транспорта | E78: Главный аналитик | F78: Заяц Анна Ивановна | G78: =+VLOOKUP(F78,[1]Лист_1!$A:$C,2,0) -> 312821415765 | H78: 1
A79: Морозов Алексей Дмитриевич | B79: Кустов | C79: Кустов | D79: Управление планирования наземного городского пассажирского транспорта | E79: Аналитик | F79: Морозов Алексей Дмитриевич | G79: =+VLOOKUP(F79,[1]Лист_1!$A:$C,2,0) -> 110404515519 | H79: 0.8
A80: ВАКАНСИЯ | B80: Кустов | C80: Кустов | D80: Управление планирования наземного городского пассажирского транспорта | E80: Аналитик | F80: ВАКАНСИЯ | H80: 0.2
A81: Никишева Светлана Павловна | B81: Кустов | C81: Кустов | D81: Группа контроля и координации проектов | E81: Начальник группы | F81: Никишева Светлана Павловна | G81: =+VLOOKUP(F81,[1]Лист_1!$A:$C,2,0) -> 711707838203 | H81: 1
A82: Кузнецова Анастасия Андреевна | B82: Кустов | C82: Кустов | D82: Группа контроля и координации проектов | E82: Главный аналитик | F82: Кузнецова Анастасия Андреевна | G82: =+VLOOKUP(F82,[1]Лист_1!$A:$C,2,0) -> 760414722093 | H82: 1
A83: Семенов Александр Дмитриевич | B83: Кустов | C83: Кустов | D83: Группа контроля и координации проектов | E83: Главный аналитик | F83: Семенов Александр Дмитриевич | G83: =+VLOOKUP(F83,[1]Лист_1!$A:$C,2,0) -> 753608700500 | H83: 1
A84: Кукушкина Алёна Владимировна | B84: Кустов | C84: Кустов | D84: Группа контроля и координации проектов | E84: Ведущий аналитик | F84: Кукушкина Алёна Владимировна | G84: =+VLOOKUP(F84,[1]Лист_1!$A:$C,2,0) -> 504318582048 | H84: 1
A85: ВАКАНСИЯ | B85: Кустов | C85: Кустов | D85: Группа контроля и координации проектов | E85: Ведущий аналитик | F85: Эфендиева Динара Тофиковна | G85: 132602123904 | H85: 1
A86: Караулов Дмитрий Алексеевич | B86: Кустов | C86: Кустов | D86: Группа контроля и координации проектов | E86: Ведущий аналитик | F86: Караулов Дмитрий Алексеевич | G86: =+VLOOKUP(F86,[1]Лист_1!$A:$C,2,0) -> 772452129945 | H86: 1
A87: Бондаренко Вероника Александровна | B87: Кустов | C87: Кустов | D87: Центр дизайна | E87: Начальник центра | F87: Бондаренко Вероника Александровна | G87: =+VLOOKUP(F87,[1]Лист_1!$A:$C,2,0) -> 571503301477 | H87: 1
A88: Либет Анастасия Валерьевна | B88: Кустов | C88: Кустов | D88: Центр дизайна | E88: Заместитель начальника центра | F88: Либет Анастасия Валерьевна | G88: =+VLOOKUP(F88,[1]Лист_1!$A:$C,2,0) -> 590309520207 | H88: 1
A89: Николаев Никита Андреевич | B89: Кустов | C89: Кустов | D89: Группа верстки и визуализации | E89: Начальник группы | F89: Николаев Никита Андреевич | G89: =+VLOOKUP(F89,[1]Лист_1!$A:$C,2,0) -> 774333572301 | H89: 1
A90: Зеленовский Владимир Вячеславович | B90: Кустов | C90: Кустов | D90: Группа верстки и визуализации | E90: Главный дизайнер | F90: Зеленовский Владимир Вячеславович | G90: =+VLOOKUP(F90,[1]Лист_1!$A:$C,2,0) -> 631310635696 | H90: 1
A91: Савина Екатерина Алексеевна | B91: Кустов | C91: Кустов | D91: Группа верстки и визуализации | E91: Главный дизайнер | F91: Савина Екатерина Алексеевна | G91: =+VLOOKUP(F91,[1]Лист_1!$A:$C,2,0) -> 771921106905 | H91: 1
A92: Муренко Сергей Олегович | B92: Кустов | C92: Кустов | D92: Группа верстки и визуализации | E92: Главный дизайнер | F92: Муренко Сергей Олегович | G92: =+VLOOKUP(F92,[1]Лист_1!$A:$C,2,0) -> 263108972321 | H92: 1
A93: Краснов Николай Петрович | B93: Кустов | C93: Кустов | D93: Группа верстки и визуализации | E93: Главный дизайнер | F93: Краснов Николай Петрович | G93: =+VLOOKUP(F93,[1]Лист_1!$A:$C,2,0) -> 262609256366 | H93: 1
A94: Саркисов Олег Михайлович | B94: Кустов | C94: Кустов | D94: Группа верстки и визуализации | E94: Ведущий дизайнер | F94: Саркисов Олег Михайлович | G94: =+VLOOKUP(F94,[1]Лист_1!$A:$C,2,0) -> 500308556933 | H94: 1
A95: Хромова Дарья Олеговна | B95: Кустов | C95: Кустов | D95: Группа верстки и визуализации | E95: Ведущий дизайнер | F95: Хромова Дарья Олеговна | G95: =+VLOOKUP(F95,[1]Лист_1!$A:$C,2,0) -> 507704207689 | H95: 1
A96: Чиж Павел Валерьевич | B96: Кустов | C96: Кустов | D96: Группа верстки и визуализации | E96: Ведущий дизайнер | F96: Чиж Павел Валерьевич | G96: =+VLOOKUP(F96,[1]Лист_1!$A:$C,2,0) -> 781018688439 | H96: 1
A97: Хабибуллин Адель Азатович | B97: Кустов | C97: Кустов | D97: Группа верстки и визуализации | E97: Ведущий дизайнер | F97: Хабибуллин Адель Азатович | G97: =+VLOOKUP(F97,[1]Лист_1!$A:$C,2,0) -> 026414424128 | H97: 1
... A103: Леккина Анастасия Владимировна | B103: Кустов | C103: Кустов | D103: Группа презентационного дизайна | E103: Главный дизайнер | F103: Леккина Анастасия Владимировна | G103: =+VLOOKUP(F103,[1]Лист_1!$A:$C,2,0) -> 780427173502 | H103: 0.8
A104: ВАКАНСИЯ | B104: Кустов | C104: Кустов | D104: Группа презентационного дизайна | E104: Главный дизайнер | F104: ВАКАНСИЯ | H104: 0.2
A105: ВАКАНСИЯ | B105: Кустов | C105: Кустов | D105: Группа презентационного дизайна | E105: Главный дизайнер | F105: Агапова Анна Сергеевна | G105: =+VLOOKUP(F105,[1]Лист_1!$A:$C,2,0) -> 312338289905 | H105: 1
...
